timestamp,ask_price,bid_price,midpoint,spread
1730276435.5703611,0.5507,0.5503,0.5505,0.00039999999999995595
1730276436.576061,0.5507,0.5503,0.5505,0.00039999999999995595
1730276437.578604,0.5507,0.5503,0.5505,0.00039999999999995595
1730276438.581571,0.5507,0.5503,0.5505,0.00039999999999995595
1730276439.5845902,0.5507,0.5504,0.55055,0.00029999999999996696
1730276440.5877728,0.5507,0.5504,0.55055,0.00029999999999996696
1730276441.591467,0.5507,0.5504,0.55055,0.00029999999999996696
1730276442.5950541,0.5508,0.5505,0.55065,0.00029999999999996696
1730276443.598009,0.5508,0.5505,0.55065,0.00029999999999996696
1730276444.601165,0.551,0.5506,0.5508,0.00040000000000006697
1730276445.604789,0.551,0.5506,0.5508,0.00040000000000006697
1730276446.6084092,0.551,0.5506,0.5508,0.00040000000000006697
1730276447.6314812,0.551,0.5506,0.5508,0.00040000000000006697
1730276448.633323,0.551,0.5506,0.5508,0.00040000000000006697
1730276449.636318,0.551,0.5506,0.5508,0.00040000000000006697
1730276450.6397078,0.551,0.5506,0.5508,0.00040000000000006697
1730276451.6627982,0.5508,0.5505,0.55065,0.00029999999999996696
1730276452.744967,0.5508,0.5505,0.55065,0.00029999999999996696
1730276453.746678,0.5508,0.5505,0.55065,0.00029999999999996696
1730276454.750311,0.5508,0.5505,0.55065,0.00029999999999996696
1730276455.753458,0.5508,0.5505,0.55065,0.00029999999999996696
1730276456.756796,0.5509,0.5505,0.5507,0.00039999999999995595
1730276457.7599308,0.5509,0.5505,0.5507,0.00039999999999995595
1730276458.763315,0.5509,0.5505,0.5507,0.00039999999999995595
1730276459.766782,0.5506,0.5503,0.55045,0.00029999999999996696
1730276460.770175,0.5506,0.5503,0.55045,0.00029999999999996696
1730276461.773387,0.5506,0.5503,0.55045,0.00029999999999996696
1730276462.776931,0.5506,0.5503,0.55045,0.00029999999999996696
1730276463.78049,0.5506,0.5503,0.55045,0.00029999999999996696
1730276464.7838342,0.5506,0.5504,0.5505,0.00019999999999997797
1730276465.7863739,0.5506,0.5504,0.5505,0.00019999999999997797
1730276466.7895749,0.5506,0.5502,0.5504,0.00039999999999995595
1730276467.792128,0.5506,0.5502,0.5504,0.00039999999999995595
1730276468.7952452,0.5506,0.5502,0.5504,0.00039999999999995595
1730276469.798723,0.5506,0.5502,0.5504,0.00039999999999995595
1730276470.802283,0.5506,0.5502,0.5504,0.00039999999999995595
1730276471.805962,0.5506,0.5502,0.5504,0.00039999999999995595
1730276472.80958,0.5506,0.5502,0.5504,0.00039999999999995595
1730276473.8128488,0.5506,0.5502,0.5504,0.00039999999999995595
1730276474.816262,0.5506,0.5502,0.5504,0.00039999999999995595
1730276475.819061,0.5506,0.5502,0.5504,0.00039999999999995595
1730276476.821387,0.5504,0.5501,0.55025,0.00029999999999996696
1730276477.824692,0.5504,0.5501,0.55025,0.00029999999999996696
1730276478.8280041,0.5504,0.5501,0.55025,0.00029999999999996696
1730276479.83153,0.5504,0.5501,0.55025,0.00029999999999996696
1730276480.8351061,0.5504,0.5501,0.55025,0.00029999999999996696
1730276481.8385081,0.5504,0.5501,0.55025,0.00029999999999996696
1730276482.841107,0.5504,0.5501,0.55025,0.00029999999999996696
1730276483.844435,0.5504,0.5501,0.55025,0.00029999999999996696
1730276484.84754,0.5504,0.5501,0.55025,0.00029999999999996696
1730276485.849996,0.5504,0.5501,0.55025,0.00029999999999996696
1730276486.853249,0.5504,0.5501,0.55025,0.00029999999999996696
1730276487.856637,0.5504,0.5501,0.55025,0.00029999999999996696
1730276488.859689,0.5504,0.5501,0.55025,0.00029999999999996696
1730276489.8628669,0.5504,0.5501,0.55025,0.00029999999999996696
1730276490.866397,0.5504,0.5501,0.55025,0.00029999999999996696
1730276491.869934,0.5504,0.5502,0.5503,0.00019999999999997797
1730276492.873479,0.5504,0.5502,0.5503,0.00019999999999997797
1730276493.876826,0.5504,0.5502,0.5503,0.00019999999999997797
1730276494.879918,0.5504,0.5502,0.5503,0.00019999999999997797
1730276495.883414,0.5504,0.5502,0.5503,0.00019999999999997797
1730276496.886909,0.5504,0.5502,0.5503,0.00019999999999997797
1730276497.890364,0.5504,0.5502,0.5503,0.00019999999999997797
1730276498.8936388,0.5504,0.5501,0.55025,0.00029999999999996696
1730276499.8968709,0.5504,0.5501,0.55025,0.00029999999999996696
1730276500.9005,0.5504,0.5501,0.55025,0.00029999999999996696
1730276501.904141,0.5504,0.5501,0.55025,0.00029999999999996696
1730276502.9074838,0.5504,0.5501,0.55025,0.00029999999999996696
1730276503.909576,0.5504,0.5501,0.55025,0.00029999999999996696
1730276504.91217,0.5504,0.5501,0.55025,0.00029999999999996696
1730276505.915597,0.5504,0.5501,0.55025,0.00029999999999996696
1730276506.918957,0.5504,0.5501,0.55025,0.00029999999999996696
1730276507.9224389,0.5504,0.5501,0.55025,0.00029999999999996696
1730276508.92571,0.5504,0.5502,0.5503,0.00019999999999997797
1730276509.928808,0.5504,0.5502,0.5503,0.00019999999999997797
1730276510.932353,0.5504,0.5502,0.5503,0.00019999999999997797
1730276511.93596,0.5504,0.5502,0.5503,0.00019999999999997797
1730276512.939451,0.5504,0.5501,0.55025,0.00029999999999996696
1730276513.9430232,0.5504,0.5501,0.55025,0.00029999999999996696
1730276514.946285,0.5504,0.5501,0.55025,0.00029999999999996696
1730276515.949663,0.5504,0.5501,0.55025,0.00029999999999996696
1730276516.953229,0.5504,0.5501,0.55025,0.00029999999999996696
1730276517.956762,0.5504,0.5501,0.55025,0.00029999999999996696
1730276518.9599319,0.5504,0.5501,0.55025,0.00029999999999996696
1730276519.9630358,0.5504,0.5501,0.55025,0.00029999999999996696
1730276520.966423,0.5503,0.5501,0.5502,0.00019999999999997797
1730276521.9697359,0.5503,0.5501,0.5502,0.00019999999999997797
1730276522.9731462,0.5503,0.55,0.55015,0.00029999999999996696
1730276523.9767308,0.5503,0.55,0.55015,0.00029999999999996696
1730276524.980088,0.5503,0.55,0.55015,0.00029999999999996696
1730276525.983608,0.5503,0.5501,0.5502,0.00019999999999997797
1730276526.987359,0.5503,0.5501,0.5502,0.00019999999999997797
1730276527.991057,0.5503,0.5501,0.5502,0.00019999999999997797
1730276528.994486,0.5503,0.5501,0.5502,0.00019999999999997797
1730276529.9977589,0.5503,0.5501,0.5502,0.00019999999999997797
1730276531.001085,0.5503,0.5502,0.55025,9.999999999998899e-05
1730276532.004555,0.5503,0.5502,0.55025,9.999999999998899e-05
1730276533.007879,0.5507,0.5505,0.5506,0.00019999999999997797
1730276534.011172,0.5507,0.5505,0.5506,0.00019999999999997797
1730276535.014383,0.5507,0.5505,0.5506,0.00019999999999997797
1730276536.017088,0.5506,0.5504,0.5505,0.00019999999999997797
1730276537.020611,0.5506,0.5504,0.5505,0.00019999999999997797
1730276538.024658,0.5507,0.5504,0.55055,0.00029999999999996696
1730276539.0282362,0.5507,0.5504,0.55055,0.00029999999999996696
1730276540.031601,0.5507,0.5504,0.55055,0.00029999999999996696
1730276541.035039,0.5507,0.5504,0.55055,0.00029999999999996696
1730276542.038461,0.5507,0.5504,0.55055,0.00029999999999996696
1730276543.041405,0.5507,0.5505,0.5506,0.00019999999999997797
1730276544.044692,0.5507,0.5505,0.5506,0.00019999999999997797
1730276545.048188,0.5506,0.5503,0.55045,0.00029999999999996696
1730276546.051894,0.5506,0.5503,0.55045,0.00029999999999996696
1730276547.055603,0.5506,0.5503,0.55045,0.00029999999999996696
1730276548.059312,0.5509,0.5506,0.55075,0.00029999999999996696
1730276549.062634,0.5509,0.5506,0.55075,0.00029999999999996696
1730276550.066077,0.5509,0.5506,0.55075,0.00029999999999996696
1730276551.069551,0.5509,0.5506,0.55075,0.00029999999999996696
1730276552.073022,0.5509,0.5506,0.55075,0.00029999999999996696
1730276553.076279,0.5509,0.5506,0.55075,0.00029999999999996696
1730276554.079625,0.5509,0.5506,0.55075,0.00029999999999996696
1730276555.083104,0.5509,0.5506,0.55075,0.00029999999999996696
1730276556.085841,0.5509,0.5506,0.55075,0.00029999999999996696
1730276557.0892859,0.5509,0.5506,0.55075,0.00029999999999996696
1730276558.0928068,0.5509,0.5506,0.55075,0.00029999999999996696
1730276559.095994,0.5509,0.5506,0.55075,0.00029999999999996696
1730276560.099377,0.551,0.5507,0.5508500000000001,0.000300000000000078
1730276561.102848,0.551,0.5507,0.5508500000000001,0.000300000000000078
1730276562.106206,0.551,0.5507,0.5508500000000001,0.000300000000000078
1730276563.1094441,0.551,0.5507,0.5508500000000001,0.000300000000000078
1730276564.11267,0.5508,0.5505,0.55065,0.00029999999999996696
1730276565.11615,0.5508,0.5505,0.55065,0.00029999999999996696
1730276566.118829,0.5508,0.5505,0.55065,0.00029999999999996696
1730276567.122399,0.5508,0.5505,0.55065,0.00029999999999996696
1730276568.125555,0.5508,0.5505,0.55065,0.00029999999999996696
1730276569.128893,0.5508,0.5505,0.55065,0.00029999999999996696
1730276570.132241,0.5508,0.5505,0.55065,0.00029999999999996696
1730276571.135488,0.5508,0.5505,0.55065,0.00029999999999996696
1730276572.138883,0.5508,0.5505,0.55065,0.00029999999999996696
1730276573.142122,0.5508,0.5505,0.55065,0.00029999999999996696
1730276574.145795,0.5508,0.5505,0.55065,0.00029999999999996696
1730276575.149622,0.5508,0.5505,0.55065,0.00029999999999996696
1730276576.15336,0.5508,0.5505,0.55065,0.00029999999999996696
1730276577.156916,0.5507,0.5504,0.55055,0.00029999999999996696
1730276578.160404,0.5507,0.5504,0.55055,0.00029999999999996696
1730276579.1635299,0.5507,0.5504,0.55055,0.00029999999999996696
1730276580.166943,0.5507,0.5504,0.55055,0.00029999999999996696
1730276581.170469,0.5507,0.5504,0.55055,0.00029999999999996696
1730276582.173867,0.5507,0.5504,0.55055,0.00029999999999996696
1730276583.17716,0.5507,0.5504,0.55055,0.00029999999999996696
1730276584.180164,0.5507,0.5504,0.55055,0.00029999999999996696
1730276585.183671,0.5507,0.5504,0.55055,0.00029999999999996696
1730276586.186563,0.5507,0.5504,0.55055,0.00029999999999996696
1730276587.189955,0.5507,0.5504,0.55055,0.00029999999999996696
1730276588.193656,0.5507,0.5504,0.55055,0.00029999999999996696
1730276589.1969469,0.5507,0.5504,0.55055,0.00029999999999996696
1730276590.200511,0.5509,0.5506,0.55075,0.00029999999999996696
1730276591.204153,0.5509,0.5506,0.55075,0.00029999999999996696
1730276592.206697,0.5508,0.5505,0.55065,0.00029999999999996696
1730276593.209866,0.5508,0.5505,0.55065,0.00029999999999996696
1730276594.212759,0.5508,0.5505,0.55065,0.00029999999999996696
1730276595.215935,0.5507,0.5504,0.55055,0.00029999999999996696
1730276596.219091,0.5507,0.5504,0.55055,0.00029999999999996696
1730276597.222285,0.5507,0.5504,0.55055,0.00029999999999996696
1730276598.225848,0.5507,0.5504,0.55055,0.00029999999999996696
1730276599.229134,0.5507,0.5504,0.55055,0.00029999999999996696
1730276600.2325509,0.5507,0.5504,0.55055,0.00029999999999996696
1730276601.2364302,0.5507,0.5504,0.55055,0.00029999999999996696
1730276602.2399209,0.5508,0.5505,0.55065,0.00029999999999996696
1730276603.2431731,0.5508,0.5505,0.55065,0.00029999999999996696
1730276604.246359,0.5507,0.5505,0.5506,0.00019999999999997797
1730276605.24985,0.5507,0.5505,0.5506,0.00019999999999997797
1730276606.253365,0.5507,0.5505,0.5506,0.00019999999999997797
1730276607.257123,0.5507,0.5505,0.5506,0.00019999999999997797
1730276608.26089,0.5507,0.5505,0.5506,0.00019999999999997797
1730276609.264267,0.5508,0.5505,0.55065,0.00029999999999996696
1730276610.267782,0.5508,0.5505,0.55065,0.00029999999999996696
1730276611.2712479,0.5508,0.5505,0.55065,0.00029999999999996696
1730276612.274739,0.5508,0.5505,0.55065,0.00029999999999996696
1730276613.278024,0.5508,0.5505,0.55065,0.00029999999999996696
1730276614.281322,0.5508,0.5505,0.55065,0.00029999999999996696
1730276615.284887,0.5508,0.5505,0.55065,0.00029999999999996696
1730276616.288466,0.5508,0.5505,0.55065,0.00029999999999996696
1730276617.292237,0.5509,0.5506,0.55075,0.00029999999999996696
1730276618.295617,0.5509,0.5506,0.55075,0.00029999999999996696
1730276619.298988,0.5511,0.5508,0.55095,0.000300000000000078
1730276620.302442,0.5511,0.5508,0.55095,0.000300000000000078
1730276621.3061209,0.5511,0.5508,0.55095,0.000300000000000078
1730276622.309388,0.5508,0.5506,0.5507,0.00019999999999997797
1730276623.312844,0.5508,0.5506,0.5507,0.00019999999999997797
1730276624.316138,0.5508,0.5505,0.55065,0.00029999999999996696
1730276625.3195362,0.5508,0.5505,0.55065,0.00029999999999996696
1730276626.322436,0.5508,0.5505,0.55065,0.00029999999999996696
1730276627.3261209,0.5506,0.5504,0.5505,0.00019999999999997797
1730276628.3294442,0.5506,0.5504,0.5505,0.00019999999999997797
1730276629.332921,0.5506,0.5504,0.5505,0.00019999999999997797
1730276630.33642,0.5506,0.5504,0.5505,0.00019999999999997797
1730276631.3398778,0.5507,0.5504,0.55055,0.00029999999999996696
1730276632.343072,0.5507,0.5504,0.55055,0.00029999999999996696
1730276633.346283,0.5507,0.5504,0.55055,0.00029999999999996696
1730276634.349791,0.5507,0.5504,0.55055,0.00029999999999996696
1730276635.3535008,0.5507,0.5504,0.55055,0.00029999999999996696
1730276636.357273,0.5507,0.5504,0.55055,0.00029999999999996696
1730276637.360922,0.5507,0.5504,0.55055,0.00029999999999996696
1730276638.364081,0.5507,0.5504,0.55055,0.00029999999999996696
1730276639.367554,0.5507,0.5504,0.55055,0.00029999999999996696
1730276640.371037,0.5507,0.5504,0.55055,0.00029999999999996696
1730276641.374666,0.5507,0.5504,0.55055,0.00029999999999996696
1730276642.3779898,0.5507,0.5504,0.55055,0.00029999999999996696
1730276643.380898,0.5507,0.5504,0.55055,0.00029999999999996696
1730276644.384386,0.5508,0.5505,0.55065,0.00029999999999996696
1730276645.38781,0.5508,0.5505,0.55065,0.00029999999999996696
1730276646.3912199,0.5508,0.5505,0.55065,0.00029999999999996696
1730276647.394636,0.5508,0.5505,0.55065,0.00029999999999996696
1730276648.397994,0.5511,0.5508,0.55095,0.000300000000000078
1730276649.400827,0.5511,0.5508,0.55095,0.000300000000000078
1730276650.404326,0.5511,0.5508,0.55095,0.000300000000000078
1730276651.4074082,0.5509,0.5507,0.5508,0.00019999999999997797
1730276652.410909,0.5509,0.5507,0.5508,0.00019999999999997797
1730276653.41419,0.5509,0.5507,0.5508,0.00019999999999997797
1730276654.4174762,0.551,0.5507,0.5508500000000001,0.000300000000000078
1730276655.420779,0.551,0.5507,0.5508500000000001,0.000300000000000078
1730276656.4235232,0.551,0.5507,0.5508500000000001,0.000300000000000078
1730276657.42702,0.551,0.5507,0.5508500000000001,0.000300000000000078
1730276658.430424,0.5508,0.5505,0.55065,0.00029999999999996696
1730276659.4338298,0.5508,0.5505,0.55065,0.00029999999999996696
1730276660.437216,0.5508,0.5505,0.55065,0.00029999999999996696
1730276661.440649,0.5508,0.5505,0.55065,0.00029999999999996696
1730276662.4441972,0.5508,0.5505,0.55065,0.00029999999999996696
1730276663.447741,0.5507,0.5504,0.55055,0.00029999999999996696
1730276664.4512699,0.5507,0.5504,0.55055,0.00029999999999996696
1730276665.4548311,0.5507,0.5504,0.55055,0.00029999999999996696
1730276666.458194,0.5507,0.5504,0.55055,0.00029999999999996696
1730276667.4615622,0.5507,0.5504,0.55055,0.00029999999999996696
1730276668.464961,0.5509,0.5506,0.55075,0.00029999999999996696
1730276669.468283,0.5509,0.5506,0.55075,0.00029999999999996696
1730276670.471903,0.5509,0.5506,0.55075,0.00029999999999996696
1730276671.4754071,0.5509,0.5506,0.55075,0.00029999999999996696
1730276672.478878,0.5509,0.5506,0.55075,0.00029999999999996696
1730276673.482503,0.5509,0.5506,0.55075,0.00029999999999996696
1730276674.485793,0.5509,0.5506,0.55075,0.00029999999999996696
1730276675.4893498,0.5507,0.5505,0.5506,0.00019999999999997797
1730276676.492901,0.5507,0.5505,0.5506,0.00019999999999997797
1730276677.4963279,0.5507,0.5505,0.5506,0.00019999999999997797
1730276678.499805,0.5507,0.5505,0.5506,0.00019999999999997797
1730276679.5031402,0.5507,0.5505,0.5506,0.00019999999999997797
1730276680.5066009,0.5506,0.5503,0.55045,0.00029999999999996696
1730276681.510256,0.5506,0.5503,0.55045,0.00029999999999996696
1730276682.51391,0.5506,0.5503,0.55045,0.00029999999999996696
1730276683.517407,0.5506,0.5503,0.55045,0.00029999999999996696
1730276684.5210109,0.5506,0.5503,0.55045,0.00029999999999996696
1730276685.524522,0.5505,0.5503,0.5504,0.00019999999999997797
1730276686.528081,0.5505,0.5503,0.5504,0.00019999999999997797
1730276687.53164,0.5505,0.5503,0.5504,0.00019999999999997797
1730276688.535008,0.5505,0.5503,0.5504,0.00019999999999997797
1730276689.538364,0.5505,0.5503,0.5504,0.00019999999999997797
1730276690.541795,0.5505,0.5502,0.55035,0.00029999999999996696
1730276691.54529,0.5505,0.5502,0.55035,0.00029999999999996696
1730276692.548845,0.5505,0.5502,0.55035,0.00029999999999996696
1730276693.552215,0.5505,0.5502,0.55035,0.00029999999999996696
1730276694.555818,0.5505,0.5502,0.55035,0.00029999999999996696
1730276695.559243,0.5505,0.5502,0.55035,0.00029999999999996696
1730276696.5627909,0.5505,0.5502,0.55035,0.00029999999999996696
1730276697.5663412,0.5505,0.5502,0.55035,0.00029999999999996696
1730276698.5697951,0.5505,0.5502,0.55035,0.00029999999999996696
1730276699.573419,0.5505,0.5502,0.55035,0.00029999999999996696
1730276700.576811,0.5506,0.5504,0.5505,0.00019999999999997797
1730276701.580375,0.5506,0.5504,0.5505,0.00019999999999997797
1730276702.5840058,0.5505,0.5502,0.55035,0.00029999999999996696
1730276703.587507,0.5505,0.5502,0.55035,0.00029999999999996696
1730276704.590993,0.5505,0.5502,0.55035,0.00029999999999996696
1730276705.5944178,0.5504,0.5501,0.55025,0.00029999999999996696
1730276706.597949,0.5504,0.5501,0.55025,0.00029999999999996696
1730276707.601424,0.5504,0.5501,0.55025,0.00029999999999996696
1730276708.6048388,0.5504,0.5501,0.55025,0.00029999999999996696
1730276709.608278,0.5504,0.5501,0.55025,0.00029999999999996696
1730276710.611287,0.5504,0.5501,0.55025,0.00029999999999996696
1730276711.614799,0.5504,0.5501,0.55025,0.00029999999999996696
1730276712.6182048,0.5501,0.5498,0.5499499999999999,0.000300000000000078
1730276713.6217332,0.5501,0.5498,0.5499499999999999,0.000300000000000078
1730276714.625232,0.5501,0.5498,0.5499499999999999,0.000300000000000078
1730276715.628674,0.5501,0.5498,0.5499499999999999,0.000300000000000078
1730276716.6321611,0.5501,0.5498,0.5499499999999999,0.000300000000000078
1730276717.635703,0.55,0.5498,0.5499,0.000200000000000089
1730276718.639374,0.55,0.5498,0.5499,0.000200000000000089
1730276719.642869,0.55,0.5498,0.5499,0.000200000000000089
1730276720.646427,0.55,0.5498,0.5499,0.000200000000000089
1730276721.649821,0.55,0.5498,0.5499,0.000200000000000089
1730276722.652721,0.55,0.5497,0.54985,0.000300000000000078
1730276723.656248,0.55,0.5497,0.54985,0.000300000000000078
1730276724.659808,0.5501,0.5498,0.5499499999999999,0.000300000000000078
1730276725.663002,0.5501,0.5498,0.5499499999999999,0.000300000000000078
1730276726.6665852,0.5501,0.5498,0.5499499999999999,0.000300000000000078
1730276727.670228,0.5501,0.5498,0.5499499999999999,0.000300000000000078
1730276728.673753,0.5501,0.5498,0.5499499999999999,0.000300000000000078
1730276729.677245,0.55,0.5498,0.5499,0.000200000000000089
1730276730.680917,0.55,0.5498,0.5499,0.000200000000000089
1730276731.684459,0.55,0.5498,0.5499,0.000200000000000089
1730276732.687896,0.55,0.5498,0.5499,0.000200000000000089
1730276733.6911008,0.55,0.5498,0.5499,0.000200000000000089
1730276734.694579,0.55,0.5497,0.54985,0.000300000000000078
1730276735.697907,0.55,0.5497,0.54985,0.000300000000000078
1730276736.701287,0.55,0.5497,0.54985,0.000300000000000078
1730276737.70432,0.55,0.5497,0.54985,0.000300000000000078
1730276738.7076921,0.55,0.5497,0.54985,0.000300000000000078
1730276739.7111301,0.55,0.5497,0.54985,0.000300000000000078
1730276740.714581,0.55,0.5497,0.54985,0.000300000000000078
1730276741.7180412,0.55,0.5497,0.54985,0.000300000000000078
1730276742.721511,0.55,0.5497,0.54985,0.000300000000000078
1730276743.724877,0.55,0.5497,0.54985,0.000300000000000078
1730276744.728364,0.55,0.5498,0.5499,0.000200000000000089
1730276745.731675,0.55,0.5498,0.5499,0.000200000000000089
1730276746.734741,0.55,0.5497,0.54985,0.000300000000000078
1730276747.738206,0.55,0.5497,0.54985,0.000300000000000078
1730276748.741615,0.55,0.5497,0.54985,0.000300000000000078
1730276749.744755,0.5499,0.5496,0.54975,0.000300000000000078
1730276750.748082,0.5499,0.5496,0.54975,0.000300000000000078
1730276751.7515578,0.5499,0.5496,0.54975,0.000300000000000078
1730276752.7550669,0.5499,0.5496,0.54975,0.000300000000000078
1730276753.758034,0.5499,0.5496,0.54975,0.000300000000000078
1730276754.761389,0.5499,0.5496,0.54975,0.000300000000000078
1730276755.764508,0.5499,0.5496,0.54975,0.000300000000000078
1730276756.7678661,0.5499,0.5497,0.5498000000000001,0.000200000000000089
1730276757.771343,0.5499,0.5497,0.5498000000000001,0.000200000000000089
1730276758.774774,0.5499,0.5497,0.5498000000000001,0.000200000000000089
1730276759.778215,0.5499,0.5497,0.5498000000000001,0.000200000000000089
1730276760.7815711,0.5499,0.5497,0.5498000000000001,0.000200000000000089
1730276761.7847621,0.55,0.5498,0.5499,0.000200000000000089
1730276762.788265,0.55,0.5498,0.5499,0.000200000000000089
1730276763.791754,0.5502,0.5499,0.55005,0.00029999999999996696
1730276764.795985,0.5502,0.5499,0.55005,0.00029999999999996696
1730276765.799665,0.5502,0.5499,0.55005,0.00029999999999996696
1730276766.8030238,0.5504,0.55,0.5502,0.00039999999999995595
1730276767.806586,0.5504,0.55,0.5502,0.00039999999999995595
1730276768.809958,0.5501,0.5498,0.5499499999999999,0.000300000000000078
1730276769.813323,0.5501,0.5498,0.5499499999999999,0.000300000000000078
1730276770.81666,0.5501,0.5498,0.5499499999999999,0.000300000000000078
1730276771.8201358,0.5501,0.5497,0.5499,0.00040000000000006697
1730276772.823797,0.5501,0.5497,0.5499,0.00040000000000006697
1730276773.826973,0.5501,0.5497,0.5499,0.00040000000000006697
1730276774.830453,0.5501,0.5497,0.5499,0.00040000000000006697
1730276775.8338711,0.5501,0.5497,0.5499,0.00040000000000006697
1730276776.837316,0.5501,0.5497,0.5499,0.00040000000000006697
1730276777.8407092,0.5501,0.5497,0.5499,0.00040000000000006697
1730276778.844439,0.5499,0.5497,0.5498000000000001,0.000200000000000089
1730276779.847958,0.5499,0.5497,0.5498000000000001,0.000200000000000089
1730276780.851358,0.5499,0.5497,0.5498000000000001,0.000200000000000089
1730276781.8549278,0.5499,0.5496,0.54975,0.000300000000000078
1730276782.8579142,0.5499,0.5496,0.54975,0.000300000000000078
1730276783.8612869,0.5499,0.5496,0.54975,0.000300000000000078
1730276784.864822,0.5499,0.5496,0.54975,0.000300000000000078
1730276785.868383,0.5499,0.5496,0.54975,0.000300000000000078
1730276786.871892,0.5499,0.5496,0.54975,0.000300000000000078
1730276787.875287,0.5499,0.5496,0.54975,0.000300000000000078
1730276788.8787022,0.5499,0.5496,0.54975,0.000300000000000078
1730276789.882127,0.5499,0.5496,0.54975,0.000300000000000078
1730276790.885771,0.5499,0.5496,0.54975,0.000300000000000078
1730276791.8896158,0.5499,0.5496,0.54975,0.000300000000000078
1730276792.89308,0.5499,0.5496,0.54975,0.000300000000000078
1730276793.896698,0.5499,0.5496,0.54975,0.000300000000000078
1730276794.8992488,0.5499,0.5496,0.54975,0.000300000000000078
1730276795.902566,0.5499,0.5496,0.54975,0.000300000000000078
1730276796.905774,0.5499,0.5496,0.54975,0.000300000000000078
1730276797.909098,0.5499,0.5496,0.54975,0.000300000000000078
1730276798.913125,0.5499,0.5496,0.54975,0.000300000000000078
1730276799.916896,0.5499,0.5496,0.54975,0.000300000000000078
1730276800.920516,0.5499,0.5496,0.54975,0.000300000000000078
1730276801.924077,0.5499,0.5496,0.54975,0.000300000000000078
1730276802.927839,0.5499,0.5496,0.54975,0.000300000000000078
1730276803.9312031,0.5499,0.5496,0.54975,0.000300000000000078
1730276804.933367,0.5499,0.5496,0.54975,0.000300000000000078
1730276805.936867,0.5499,0.5496,0.54975,0.000300000000000078
1730276806.940414,0.5499,0.5496,0.54975,0.000300000000000078
1730276807.943855,0.5499,0.5496,0.54975,0.000300000000000078
1730276808.9472268,0.5499,0.5496,0.54975,0.000300000000000078
1730276809.950766,0.5499,0.5496,0.54975,0.000300000000000078
1730276810.954329,0.5499,0.5496,0.54975,0.000300000000000078
1730276811.9577951,0.5499,0.5496,0.54975,0.000300000000000078
1730276812.961459,0.5499,0.5496,0.54975,0.000300000000000078
1730276813.965101,0.5498,0.5496,0.5497,0.00019999999999997797
1730276814.968113,0.5498,0.5496,0.5497,0.00019999999999997797
1730276815.9714382,0.5498,0.5495,0.54965,0.00029999999999996696
1730276816.9746811,0.5498,0.5495,0.54965,0.00029999999999996696
1730276817.977897,0.5498,0.5495,0.54965,0.00029999999999996696
1730276818.981226,0.5498,0.5495,0.54965,0.00029999999999996696
1730276819.984867,0.5498,0.5495,0.54965,0.00029999999999996696
1730276820.98825,0.5495,0.5492,0.54935,0.00029999999999996696
1730276821.990463,0.5495,0.5492,0.54935,0.00029999999999996696
1730276822.993846,0.5496,0.5493,0.54945,0.00029999999999996696
1730276823.997225,0.5496,0.5493,0.54945,0.00029999999999996696
1730276825.0005682,0.5496,0.5493,0.54945,0.00029999999999996696
1730276826.004365,0.5496,0.5493,0.54945,0.00029999999999996696
1730276827.007909,0.5496,0.5493,0.54945,0.00029999999999996696
1730276828.011313,0.5496,0.5493,0.54945,0.00029999999999996696
1730276829.01465,0.5496,0.5493,0.54945,0.00029999999999996696
1730276830.018069,0.5496,0.5493,0.54945,0.00029999999999996696
1730276831.0216398,0.5497,0.5494,0.54955,0.00029999999999996696
1730276832.025289,0.5497,0.5494,0.54955,0.00029999999999996696
1730276833.028885,0.5497,0.5494,0.54955,0.00029999999999996696
1730276834.0324612,0.5497,0.5494,0.54955,0.00029999999999996696
1730276835.03598,0.5497,0.5494,0.54955,0.00029999999999996696
1730276836.039487,0.5497,0.5494,0.54955,0.00029999999999996696
1730276837.0424588,0.5497,0.5494,0.54955,0.00029999999999996696
1730276838.0460742,0.5497,0.5494,0.54955,0.00029999999999996696
1730276839.049561,0.5497,0.5494,0.54955,0.00029999999999996696
1730276840.053178,0.5497,0.5494,0.54955,0.00029999999999996696
1730276841.0566669,0.5496,0.5493,0.54945,0.00029999999999996696
1730276842.059932,0.5496,0.5493,0.54945,0.00029999999999996696
1730276843.0633018,0.5496,0.5493,0.54945,0.00029999999999996696
1730276844.1521,0.5496,0.5493,0.54945,0.00029999999999996696
1730276845.153053,0.5496,0.5493,0.54945,0.00029999999999996696
1730276846.1546292,0.5496,0.5493,0.54945,0.00029999999999996696
1730276847.158122,0.5496,0.5493,0.54945,0.00029999999999996696
1730276848.161194,0.5496,0.5493,0.54945,0.00029999999999996696
1730276849.1646788,0.5496,0.5493,0.54945,0.00029999999999996696
1730276850.1680682,0.5496,0.5493,0.54945,0.00029999999999996696
1730276851.1713111,0.5496,0.5493,0.54945,0.00029999999999996696
1730276852.174672,0.5496,0.5493,0.54945,0.00029999999999996696
1730276853.1781278,0.5496,0.5493,0.54945,0.00029999999999996696
1730276854.18175,0.5496,0.5493,0.54945,0.00029999999999996696
1730276855.1854038,0.5496,0.5493,0.54945,0.00029999999999996696
1730276856.188926,0.5496,0.5493,0.54945,0.00029999999999996696
1730276857.192192,0.5496,0.5493,0.54945,0.00029999999999996696
1730276858.195866,0.5496,0.5493,0.54945,0.00029999999999996696
1730276859.199244,0.5496,0.5493,0.54945,0.00029999999999996696
1730276860.2027578,0.5496,0.5493,0.54945,0.00029999999999996696
1730276861.20619,0.5496,0.5493,0.54945,0.00029999999999996696
1730276862.2081568,0.5496,0.5493,0.54945,0.00029999999999996696
1730276863.2112682,0.5496,0.5493,0.54945,0.00029999999999996696
1730276864.2146618,0.5496,0.5493,0.54945,0.00029999999999996696
1730276865.2181919,0.5496,0.5493,0.54945,0.00029999999999996696
1730276866.221588,0.5496,0.5493,0.54945,0.00029999999999996696
1730276867.225106,0.5496,0.5493,0.54945,0.00029999999999996696
1730276868.228468,0.5496,0.5493,0.54945,0.00029999999999996696
1730276869.232023,0.5496,0.5493,0.54945,0.00029999999999996696
1730276870.2354481,0.5496,0.5493,0.54945,0.00029999999999996696
1730276871.2389572,0.5496,0.5493,0.54945,0.00029999999999996696
1730276872.242513,0.5496,0.5493,0.54945,0.00029999999999996696
1730276873.246068,0.5496,0.5493,0.54945,0.00029999999999996696
1730276874.24952,0.5496,0.5493,0.54945,0.00029999999999996696
1730276875.2530549,0.5497,0.5495,0.5496,0.00019999999999997797
1730276876.257518,0.5497,0.5495,0.5496,0.00019999999999997797
1730276877.260999,0.5497,0.5494,0.54955,0.00029999999999996696
1730276878.264607,0.5497,0.5494,0.54955,0.00029999999999996696
1730276879.268149,0.5497,0.5494,0.54955,0.00029999999999996696
1730276880.271208,0.5497,0.5494,0.54955,0.00029999999999996696
1730276881.27476,0.5497,0.5494,0.54955,0.00029999999999996696
1730276882.278334,0.5497,0.5495,0.5496,0.00019999999999997797
1730276883.281652,0.5497,0.5495,0.5496,0.00019999999999997797
1730276884.285312,0.5497,0.5495,0.5496,0.00019999999999997797
1730276885.2888398,0.5497,0.5495,0.5496,0.00019999999999997797
1730276886.2921119,0.5497,0.5495,0.5496,0.00019999999999997797
1730276887.295653,0.5499,0.5496,0.54975,0.000300000000000078
1730276888.29916,0.5499,0.5496,0.54975,0.000300000000000078
1730276889.302639,0.5499,0.5496,0.54975,0.000300000000000078
1730276890.3062289,0.5499,0.5496,0.54975,0.000300000000000078
1730276891.309579,0.5499,0.5496,0.54975,0.000300000000000078
1730276892.312931,0.5499,0.5496,0.54975,0.000300000000000078
1730276893.316318,0.5499,0.5496,0.54975,0.000300000000000078
1730276894.319099,0.5499,0.5496,0.54975,0.000300000000000078
1730276895.3227022,0.5499,0.5495,0.5497000000000001,0.00040000000000006697
1730276896.3261728,0.5499,0.5495,0.5497000000000001,0.00040000000000006697
1730276897.329099,0.5498,0.5495,0.54965,0.00029999999999996696
1730276898.332531,0.5498,0.5495,0.54965,0.00029999999999996696
1730276899.335962,0.5498,0.5495,0.54965,0.00029999999999996696
1730276900.339516,0.5498,0.5495,0.54965,0.00029999999999996696
1730276901.3430169,0.5498,0.5495,0.54965,0.00029999999999996696
1730276902.346355,0.5498,0.5495,0.54965,0.00029999999999996696
1730276903.349762,0.5498,0.5495,0.54965,0.00029999999999996696
1730276904.353297,0.5498,0.5495,0.54965,0.00029999999999996696
1730276905.356701,0.5498,0.5495,0.54965,0.00029999999999996696
1730276906.360148,0.5498,0.5495,0.54965,0.00029999999999996696
1730276907.3633652,0.5498,0.5495,0.54965,0.00029999999999996696
1730276908.3669188,0.5498,0.5495,0.54965,0.00029999999999996696
1730276909.369623,0.5498,0.5495,0.54965,0.00029999999999996696
1730276910.3728452,0.5498,0.5495,0.54965,0.00029999999999996696
1730276911.376339,0.5498,0.5495,0.54965,0.00029999999999996696
1730276912.3799329,0.5498,0.5495,0.54965,0.00029999999999996696
1730276913.383423,0.5498,0.5496,0.5497,0.00019999999999997797
1730276914.3869681,0.5498,0.5496,0.5497,0.00019999999999997797
1730276915.390696,0.55,0.5496,0.5498000000000001,0.00040000000000006697
1730276916.394303,0.55,0.5496,0.5498000000000001,0.00040000000000006697
1730276917.397532,0.55,0.5496,0.5498000000000001,0.00040000000000006697
1730276918.401102,0.5498,0.5495,0.54965,0.00029999999999996696
1730276919.40449,0.5498,0.5495,0.54965,0.00029999999999996696
1730276920.408043,0.5498,0.5495,0.54965,0.00029999999999996696
1730276921.4114828,0.5498,0.5495,0.54965,0.00029999999999996696
1730276922.414884,0.5498,0.5495,0.54965,0.00029999999999996696
1730276923.418306,0.5499,0.5496,0.54975,0.000300000000000078
1730276924.4219148,0.5499,0.5496,0.54975,0.000300000000000078
1730276925.4249501,0.5499,0.5496,0.54975,0.000300000000000078
1730276926.4283142,0.5499,0.5496,0.54975,0.000300000000000078
1730276927.431852,0.5498,0.5495,0.54965,0.00029999999999996696
1730276928.435327,0.5498,0.5495,0.54965,0.00029999999999996696
1730276929.438804,0.5498,0.5495,0.54965,0.00029999999999996696
1730276930.442365,0.5498,0.5495,0.54965,0.00029999999999996696
1730276931.4459252,0.5498,0.5495,0.54965,0.00029999999999996696
1730276932.449537,0.5498,0.5496,0.5497,0.00019999999999997797
1730276933.453123,0.5498,0.5496,0.5497,0.00019999999999997797
1730276934.456657,0.5498,0.5496,0.5497,0.00019999999999997797
1730276935.460223,0.5498,0.5496,0.5497,0.00019999999999997797
1730276936.463656,0.5498,0.5496,0.5497,0.00019999999999997797
1730276937.467157,0.5498,0.5496,0.5497,0.00019999999999997797
1730276938.470518,0.5498,0.5496,0.5497,0.00019999999999997797
1730276939.4739351,0.5498,0.5496,0.5497,0.00019999999999997797
1730276940.4774568,0.5498,0.5495,0.54965,0.00029999999999996696
1730276941.480883,0.5498,0.5495,0.54965,0.00029999999999996696
1730276942.4844139,0.5499,0.5496,0.54975,0.000300000000000078
1730276943.4878788,0.5499,0.5496,0.54975,0.000300000000000078
1730276944.491227,0.5499,0.5496,0.54975,0.000300000000000078
1730276945.494761,0.5499,0.5496,0.54975,0.000300000000000078
1730276946.498196,0.5499,0.5496,0.54975,0.000300000000000078
1730276947.501667,0.5498,0.5495,0.54965,0.00029999999999996696
1730276948.505064,0.5498,0.5495,0.54965,0.00029999999999996696
1730276949.508447,0.5498,0.5495,0.54965,0.00029999999999996696
1730276950.511915,0.5498,0.5495,0.54965,0.00029999999999996696
1730276951.515255,0.5498,0.5495,0.54965,0.00029999999999996696
1730276952.518736,0.5498,0.5495,0.54965,0.00029999999999996696
1730276953.5221171,0.5498,0.5495,0.54965,0.00029999999999996696
1730276954.525766,0.5498,0.5495,0.54965,0.00029999999999996696
1730276955.529233,0.5498,0.5495,0.54965,0.00029999999999996696
1730276956.532693,0.5498,0.5495,0.54965,0.00029999999999996696
1730276957.53617,0.5499,0.5495,0.5497000000000001,0.00040000000000006697
1730276958.539812,0.5499,0.5495,0.5497000000000001,0.00040000000000006697
1730276959.543273,0.5499,0.5495,0.5497000000000001,0.00040000000000006697
1730276960.546912,0.5499,0.5495,0.5497000000000001,0.00040000000000006697
1730276961.5505521,0.5499,0.5495,0.5497000000000001,0.00040000000000006697
1730276962.5540009,0.5498,0.5495,0.54965,0.00029999999999996696
1730276963.5576582,0.5498,0.5495,0.54965,0.00029999999999996696
1730276964.561238,0.5498,0.5495,0.54965,0.00029999999999996696
1730276965.5646331,0.5498,0.5495,0.54965,0.00029999999999996696
1730276966.568588,0.5498,0.5495,0.54965,0.00029999999999996696
1730276967.571926,0.5498,0.5495,0.54965,0.00029999999999996696
1730276968.5753531,0.5498,0.5495,0.54965,0.00029999999999996696
1730276969.578531,0.5498,0.5495,0.54965,0.00029999999999996696
1730276970.5819259,0.5498,0.5495,0.54965,0.00029999999999996696
1730276971.585435,0.5498,0.5495,0.54965,0.00029999999999996696
1730276972.588843,0.5498,0.5495,0.54965,0.00029999999999996696
1730276973.59231,0.5498,0.5495,0.54965,0.00029999999999996696
1730276974.595861,0.5498,0.5495,0.54965,0.00029999999999996696
1730276975.599502,0.5498,0.5495,0.54965,0.00029999999999996696
1730276976.603212,0.5498,0.5495,0.54965,0.00029999999999996696
1730276977.6067588,0.5498,0.5495,0.54965,0.00029999999999996696
1730276978.610443,0.5498,0.5495,0.54965,0.00029999999999996696
1730276979.613906,0.5498,0.5495,0.54965,0.00029999999999996696
1730276980.617354,0.5498,0.5495,0.54965,0.00029999999999996696
1730276981.6208189,0.5498,0.5495,0.54965,0.00029999999999996696
1730276982.6242719,0.5498,0.5495,0.54965,0.00029999999999996696
1730276983.627719,0.5498,0.5495,0.54965,0.00029999999999996696
1730276984.631217,0.5498,0.5495,0.54965,0.00029999999999996696
1730276985.634657,0.5498,0.5495,0.54965,0.00029999999999996696
1730276986.637999,0.5498,0.5495,0.54965,0.00029999999999996696
1730276987.641376,0.5498,0.5495,0.54965,0.00029999999999996696
1730276988.644644,0.5498,0.5495,0.54965,0.00029999999999996696
1730276989.648057,0.5498,0.5495,0.54965,0.00029999999999996696
1730276990.651624,0.5498,0.5495,0.54965,0.00029999999999996696
1730276991.655112,0.5497,0.5494,0.54955,0.00029999999999996696
1730276992.6585028,0.5497,0.5494,0.54955,0.00029999999999996696
1730276993.6617758,0.5497,0.5494,0.54955,0.00029999999999996696
1730276994.665302,0.5498,0.5496,0.5497,0.00019999999999997797
1730276995.669079,0.5498,0.5496,0.5497,0.00019999999999997797
1730276996.672775,0.5498,0.5496,0.5497,0.00019999999999997797
1730276997.676252,0.5498,0.5496,0.5497,0.00019999999999997797
1730276998.679745,0.5498,0.5496,0.5497,0.00019999999999997797
1730276999.683116,0.5498,0.5496,0.5497,0.00019999999999997797
1730277000.68643,0.5498,0.5496,0.5497,0.00019999999999997797
1730277001.689892,0.5498,0.5496,0.5497,0.00019999999999997797
1730277002.693336,0.5498,0.5496,0.5497,0.00019999999999997797
1730277003.696992,0.5498,0.5496,0.5497,0.00019999999999997797
1730277004.7005508,0.5501,0.5498,0.5499499999999999,0.000300000000000078
1730277005.704143,0.5501,0.5498,0.5499499999999999,0.000300000000000078
1730277006.7074618,0.5501,0.5498,0.5499499999999999,0.000300000000000078
1730277007.710937,0.5501,0.5498,0.5499499999999999,0.000300000000000078
1730277008.7144718,0.5501,0.5498,0.5499499999999999,0.000300000000000078
1730277009.7178109,0.55,0.5497,0.54985,0.000300000000000078
1730277010.721225,0.55,0.5497,0.54985,0.000300000000000078
1730277011.7246962,0.55,0.5497,0.54985,0.000300000000000078
1730277012.728168,0.55,0.5497,0.54985,0.000300000000000078
1730277013.73177,0.55,0.5497,0.54985,0.000300000000000078
1730277014.735187,0.55,0.5498,0.5499,0.000200000000000089
1730277015.7387562,0.55,0.5498,0.5499,0.000200000000000089
1730277016.742302,0.55,0.5498,0.5499,0.000200000000000089
1730277017.745815,0.55,0.5498,0.5499,0.000200000000000089
1730277018.749315,0.55,0.5498,0.5499,0.000200000000000089
1730277019.7527628,0.5498,0.5495,0.54965,0.00029999999999996696
1730277020.7562082,0.5498,0.5495,0.54965,0.00029999999999996696
1730277021.759758,0.5498,0.5495,0.54965,0.00029999999999996696
1730277022.763217,0.5497,0.5495,0.5496,0.00019999999999997797
1730277023.766737,0.5497,0.5495,0.5496,0.00019999999999997797
1730277024.7703922,0.5498,0.5496,0.5497,0.00019999999999997797
1730277025.77388,0.5498,0.5496,0.5497,0.00019999999999997797
1730277026.777419,0.5498,0.5496,0.5497,0.00019999999999997797
1730277027.781016,0.5498,0.5495,0.54965,0.00029999999999996696
1730277028.784427,0.5498,0.5495,0.54965,0.00029999999999996696
1730277029.787835,0.5498,0.5495,0.54965,0.00029999999999996696
1730277030.7912571,0.5498,0.5495,0.54965,0.00029999999999996696
1730277031.794711,0.5498,0.5495,0.54965,0.00029999999999996696
1730277032.798132,0.5499,0.5496,0.54975,0.000300000000000078
1730277033.801594,0.5499,0.5496,0.54975,0.000300000000000078
1730277034.805016,0.5498,0.5495,0.54965,0.00029999999999996696
1730277035.808546,0.5498,0.5495,0.54965,0.00029999999999996696
1730277036.812063,0.5498,0.5495,0.54965,0.00029999999999996696
1730277037.8155131,0.5499,0.5496,0.54975,0.000300000000000078
1730277038.8190038,0.5499,0.5496,0.54975,0.000300000000000078
1730277039.8224409,0.5499,0.5497,0.5498000000000001,0.000200000000000089
1730277040.8259761,0.5499,0.5497,0.5498000000000001,0.000200000000000089
1730277041.8295062,0.5499,0.5497,0.5498000000000001,0.000200000000000089
1730277042.832889,0.5499,0.5497,0.5498000000000001,0.000200000000000089
1730277043.836432,0.5499,0.5497,0.5498000000000001,0.000200000000000089
1730277044.8398342,0.5498,0.5494,0.5496,0.00039999999999995595
1730277045.8433979,0.5498,0.5494,0.5496,0.00039999999999995595
1730277046.846721,0.5497,0.5494,0.54955,0.00029999999999996696
1730277047.849521,0.5497,0.5494,0.54955,0.00029999999999996696
1730277048.852936,0.5497,0.5494,0.54955,0.00029999999999996696
1730277049.856493,0.5497,0.5494,0.54955,0.00029999999999996696
1730277050.860117,0.5497,0.5494,0.54955,0.00029999999999996696
1730277051.863588,0.5496,0.5493,0.54945,0.00029999999999996696
1730277052.866698,0.5496,0.5493,0.54945,0.00029999999999996696
1730277053.87008,0.5496,0.5493,0.54945,0.00029999999999996696
1730277054.873644,0.5496,0.5493,0.54945,0.00029999999999996696
1730277055.877019,0.5496,0.5493,0.54945,0.00029999999999996696
1730277056.880536,0.5496,0.5492,0.5494,0.00039999999999995595
1730277057.88405,0.5496,0.5492,0.5494,0.00039999999999995595
1730277058.887645,0.5496,0.5492,0.5494,0.00039999999999995595
1730277059.891157,0.5496,0.5492,0.5494,0.00039999999999995595
1730277060.8947608,0.5496,0.5492,0.5494,0.00039999999999995595
1730277061.898301,0.5494,0.5491,0.54925,0.00029999999999996696
1730277062.9016519,0.5494,0.5491,0.54925,0.00029999999999996696
1730277063.905005,0.5495,0.5492,0.54935,0.00029999999999996696
1730277064.907777,0.5495,0.5492,0.54935,0.00029999999999996696
1730277065.911246,0.5495,0.5492,0.54935,0.00029999999999996696
1730277066.9147289,0.5495,0.5492,0.54935,0.00029999999999996696
1730277067.918286,0.5495,0.5492,0.54935,0.00029999999999996696
1730277068.9216928,0.5498,0.5495,0.54965,0.00029999999999996696
1730277069.9249878,0.5498,0.5495,0.54965,0.00029999999999996696
1730277070.9284549,0.5498,0.5495,0.54965,0.00029999999999996696
1730277071.931896,0.5498,0.5495,0.54965,0.00029999999999996696
1730277072.9353979,0.5498,0.5495,0.54965,0.00029999999999996696
1730277073.9389088,0.5498,0.5495,0.54965,0.00029999999999996696
1730277074.9423301,0.5498,0.5495,0.54965,0.00029999999999996696
1730277075.945875,0.5497,0.5495,0.5496,0.00019999999999997797
1730277076.949475,0.5497,0.5495,0.5496,0.00019999999999997797
1730277077.9528792,0.5497,0.5494,0.54955,0.00029999999999996696
1730277078.956418,0.5497,0.5494,0.54955,0.00029999999999996696
1730277079.959991,0.5497,0.5494,0.54955,0.00029999999999996696
1730277080.963192,0.5497,0.5495,0.5496,0.00019999999999997797
1730277081.966584,0.5497,0.5495,0.5496,0.00019999999999997797
1730277082.9693198,0.5498,0.5495,0.54965,0.00029999999999996696
1730277083.972883,0.5498,0.5495,0.54965,0.00029999999999996696
1730277084.9758458,0.5498,0.5495,0.54965,0.00029999999999996696
1730277085.979209,0.5497,0.5494,0.54955,0.00029999999999996696
1730277086.98252,0.5497,0.5494,0.54955,0.00029999999999996696
1730277087.9860742,0.5497,0.5494,0.54955,0.00029999999999996696
1730277088.989562,0.5497,0.5494,0.54955,0.00029999999999996696
1730277089.992964,0.5497,0.5494,0.54955,0.00029999999999996696
1730277090.9964669,0.5499,0.5497,0.5498000000000001,0.000200000000000089
1730277092.000103,0.5499,0.5497,0.5498000000000001,0.000200000000000089
1730277093.0037189,0.5499,0.5497,0.5498000000000001,0.000200000000000089
1730277094.007329,0.5499,0.5497,0.5498000000000001,0.000200000000000089
1730277095.0105422,0.5499,0.5497,0.5498000000000001,0.000200000000000089
1730277096.013929,0.5497,0.5494,0.54955,0.00029999999999996696
1730277097.01735,0.5497,0.5494,0.54955,0.00029999999999996696
1730277098.021018,0.5497,0.5493,0.5495,0.00039999999999995595
1730277099.024283,0.5497,0.5493,0.5495,0.00039999999999995595
1730277100.0273468,0.5496,0.5494,0.5495,0.00019999999999997797
1730277101.0311959,0.5496,0.5494,0.5495,0.00019999999999997797
1730277102.0359821,0.5496,0.5494,0.5495,0.00019999999999997797
1730277103.039561,0.5497,0.5494,0.54955,0.00029999999999996696
1730277104.043039,0.5497,0.5494,0.54955,0.00029999999999996696
1730277105.0459552,0.5497,0.5494,0.54955,0.00029999999999996696
1730277106.0491478,0.5497,0.5494,0.54955,0.00029999999999996696
1730277107.052316,0.5497,0.5494,0.54955,0.00029999999999996696
1730277108.0548658,0.5497,0.5495,0.5496,0.00019999999999997797
1730277109.0576708,0.5497,0.5495,0.5496,0.00019999999999997797
1730277110.061173,0.5497,0.5495,0.5496,0.00019999999999997797
1730277111.064629,0.5497,0.5495,0.5496,0.00019999999999997797
1730277112.0675719,0.5497,0.5495,0.5496,0.00019999999999997797
1730277113.0710568,0.5497,0.5494,0.54955,0.00029999999999996696
1730277114.07478,0.5497,0.5494,0.54955,0.00029999999999996696
1730277115.078141,0.5497,0.5494,0.54955,0.00029999999999996696
1730277116.0811908,0.5497,0.5494,0.54955,0.00029999999999996696
1730277117.084642,0.5497,0.5494,0.54955,0.00029999999999996696
1730277118.087986,0.5497,0.5494,0.54955,0.00029999999999996696
1730277119.0916522,0.5497,0.5494,0.54955,0.00029999999999996696
1730277120.094909,0.5495,0.5492,0.54935,0.00029999999999996696
1730277121.0983438,0.5495,0.5492,0.54935,0.00029999999999996696
1730277122.1018932,0.5495,0.5492,0.54935,0.00029999999999996696
1730277123.105379,0.5495,0.5492,0.54935,0.00029999999999996696
1730277124.1089978,0.5496,0.5493,0.54945,0.00029999999999996696
1730277125.111818,0.5496,0.5493,0.54945,0.00029999999999996696
1730277126.115207,0.5496,0.5493,0.54945,0.00029999999999996696
1730277127.118672,0.5496,0.5494,0.5495,0.00019999999999997797
1730277128.122516,0.5496,0.5494,0.5495,0.00019999999999997797
1730277129.125343,0.5496,0.5493,0.54945,0.00029999999999996696
1730277130.1504798,0.5496,0.5493,0.54945,0.00029999999999996696
1730277131.189114,0.5496,0.5493,0.54945,0.00029999999999996696
1730277132.244926,0.5496,0.5493,0.54945,0.00029999999999996696
1730277133.246356,0.5496,0.5493,0.54945,0.00029999999999996696
1730277134.2482471,0.5496,0.5493,0.54945,0.00029999999999996696
1730277135.252,0.5496,0.5493,0.54945,0.00029999999999996696
1730277136.2553442,0.5496,0.5494,0.5495,0.00019999999999997797
1730277137.258792,0.5496,0.5494,0.5495,0.00019999999999997797
1730277138.263371,0.5496,0.5494,0.5495,0.00019999999999997797
1730277139.267008,0.5496,0.5494,0.5495,0.00019999999999997797
1730277140.270848,0.5496,0.5494,0.5495,0.00019999999999997797
1730277141.2743769,0.5496,0.5494,0.5495,0.00019999999999997797
1730277142.277749,0.5496,0.5494,0.5495,0.00019999999999997797
1730277143.2810519,0.5496,0.5494,0.5495,0.00019999999999997797
1730277144.284548,0.5496,0.5494,0.5495,0.00019999999999997797
1730277145.2877371,0.5496,0.5494,0.5495,0.00019999999999997797
1730277146.290487,0.5496,0.5493,0.54945,0.00029999999999996696
1730277147.293216,0.5496,0.5493,0.54945,0.00029999999999996696
1730277148.295957,0.5496,0.5493,0.54945,0.00029999999999996696
1730277149.299728,0.5496,0.5493,0.54945,0.00029999999999996696
1730277150.303361,0.5496,0.5493,0.54945,0.00029999999999996696
1730277151.307125,0.5497,0.5494,0.54955,0.00029999999999996696
1730277152.31099,0.5497,0.5494,0.54955,0.00029999999999996696
1730277153.314232,0.5497,0.5494,0.54955,0.00029999999999996696
1730277154.3177128,0.5497,0.5494,0.54955,0.00029999999999996696
1730277155.3214002,0.5496,0.5493,0.54945,0.00029999999999996696
1730277156.325004,0.5496,0.5493,0.54945,0.00029999999999996696
1730277157.32861,0.5496,0.5493,0.54945,0.00029999999999996696
1730277158.332035,0.5496,0.5493,0.54945,0.00029999999999996696
1730277159.335741,0.5496,0.5493,0.54945,0.00029999999999996696
1730277160.338523,0.5496,0.5493,0.54945,0.00029999999999996696
1730277161.342161,0.5496,0.5493,0.54945,0.00029999999999996696
1730277162.345802,0.5496,0.5494,0.5495,0.00019999999999997797
1730277163.349449,0.5496,0.5494,0.5495,0.00019999999999997797
1730277164.353119,0.5496,0.5494,0.5495,0.00019999999999997797
1730277165.356103,0.5496,0.5494,0.5495,0.00019999999999997797
1730277166.358402,0.5496,0.5494,0.5495,0.00019999999999997797
1730277167.3607922,0.5496,0.5494,0.5495,0.00019999999999997797
1730277168.364129,0.5496,0.5494,0.5495,0.00019999999999997797
1730277169.367009,0.5496,0.5494,0.5495,0.00019999999999997797
1730277170.370603,0.5496,0.5494,0.5495,0.00019999999999997797
1730277171.3737779,0.5496,0.5494,0.5495,0.00019999999999997797
1730277172.3774679,0.5496,0.5493,0.54945,0.00029999999999996696
1730277173.3799229,0.5496,0.5493,0.54945,0.00029999999999996696
1730277174.383389,0.5496,0.5493,0.54945,0.00029999999999996696
1730277175.386754,0.5496,0.5493,0.54945,0.00029999999999996696
1730277176.38974,0.5496,0.5493,0.54945,0.00029999999999996696
1730277177.392846,0.5496,0.5493,0.54945,0.00029999999999996696
1730277178.396256,0.5496,0.5493,0.54945,0.00029999999999996696
1730277179.399586,0.5496,0.5493,0.54945,0.00029999999999996696
1730277180.402333,0.5496,0.5494,0.5495,0.00019999999999997797
1730277181.405952,0.5496,0.5494,0.5495,0.00019999999999997797
1730277182.4094222,0.5496,0.5494,0.5495,0.00019999999999997797
1730277183.413217,0.5496,0.5494,0.5495,0.00019999999999997797
1730277184.4166641,0.5496,0.5494,0.5495,0.00019999999999997797
1730277185.42017,0.5496,0.5494,0.5495,0.00019999999999997797
1730277186.423226,0.5496,0.5494,0.5495,0.00019999999999997797
1730277187.4259079,0.5496,0.5494,0.5495,0.00019999999999997797
1730277188.428624,0.5496,0.5494,0.5495,0.00019999999999997797
1730277189.43179,0.5496,0.5494,0.5495,0.00019999999999997797
1730277190.436248,0.5496,0.5493,0.54945,0.00029999999999996696
1730277191.4386392,0.5496,0.5493,0.54945,0.00029999999999996696
1730277192.4413571,0.5496,0.5493,0.54945,0.00029999999999996696
1730277193.443865,0.5496,0.5493,0.54945,0.00029999999999996696
1730277194.447126,0.5496,0.5493,0.54945,0.00029999999999996696
1730277195.4504251,0.5496,0.5494,0.5495,0.00019999999999997797
1730277196.4537659,0.5496,0.5494,0.5495,0.00019999999999997797
1730277197.457348,0.5496,0.5494,0.5495,0.00019999999999997797
1730277198.460858,0.5496,0.5494,0.5495,0.00019999999999997797
1730277199.464261,0.5496,0.5493,0.54945,0.00029999999999996696
1730277200.4675698,0.5496,0.5493,0.54945,0.00029999999999996696
1730277201.469942,0.5496,0.5493,0.54945,0.00029999999999996696
1730277202.473454,0.5497,0.5494,0.54955,0.00029999999999996696
1730277203.4769018,0.5497,0.5494,0.54955,0.00029999999999996696
1730277204.480125,0.5494,0.5491,0.54925,0.00029999999999996696
1730277205.483458,0.5494,0.5491,0.54925,0.00029999999999996696
1730277206.485922,0.5494,0.5491,0.54925,0.00029999999999996696
1730277207.487936,0.5494,0.5491,0.54925,0.00029999999999996696
1730277208.490189,0.5494,0.5491,0.54925,0.00029999999999996696
1730277209.492857,0.5494,0.5491,0.54925,0.00029999999999996696
1730277210.495724,0.5494,0.5491,0.54925,0.00029999999999996696
1730277211.499001,0.5494,0.5491,0.54925,0.00029999999999996696
1730277212.503506,0.5494,0.5491,0.54925,0.00029999999999996696
1730277213.507135,0.5494,0.5491,0.54925,0.00029999999999996696
1730277214.511225,0.5493,0.5491,0.5492,0.00019999999999997797
1730277215.5146859,0.5493,0.5491,0.5492,0.00019999999999997797
1730277216.517279,0.5493,0.5491,0.5492,0.00019999999999997797
1730277217.52024,0.5493,0.549,0.54915,0.00029999999999996696
1730277218.523707,0.5493,0.549,0.54915,0.00029999999999996696
1730277219.527321,0.5493,0.549,0.54915,0.00029999999999996696
1730277220.530901,0.5493,0.549,0.54915,0.00029999999999996696
1730277221.5339022,0.5493,0.549,0.54915,0.00029999999999996696
1730277222.536581,0.5493,0.549,0.54915,0.00029999999999996696
1730277223.5390651,0.5493,0.549,0.54915,0.00029999999999996696
1730277224.542502,0.5493,0.5491,0.5492,0.00019999999999997797
1730277225.545259,0.5493,0.5491,0.5492,0.00019999999999997797
1730277226.548975,0.5493,0.5491,0.5492,0.00019999999999997797
1730277227.5521228,0.5493,0.5491,0.5492,0.00019999999999997797
1730277228.555419,0.5493,0.5491,0.5492,0.00019999999999997797
1730277229.559036,0.5492,0.5489,0.54905,0.00029999999999996696
1730277230.5627751,0.5492,0.5489,0.54905,0.00029999999999996696
1730277231.566154,0.5492,0.5489,0.54905,0.00029999999999996696
1730277232.5697122,0.5492,0.5489,0.54905,0.00029999999999996696
1730277233.5731552,0.5492,0.5489,0.54905,0.00029999999999996696
1730277234.576384,0.5492,0.549,0.5491,0.00019999999999997797
1730277235.580033,0.5492,0.549,0.5491,0.00019999999999997797
1730277236.58383,0.5492,0.5489,0.54905,0.00029999999999996696
1730277237.5866508,0.5492,0.5489,0.54905,0.00029999999999996696
1730277238.590197,0.5492,0.5489,0.54905,0.00029999999999996696
1730277239.592814,0.5492,0.5489,0.54905,0.00029999999999996696
1730277240.596053,0.5492,0.5489,0.54905,0.00029999999999996696
1730277241.5997791,0.5492,0.5489,0.54905,0.00029999999999996696
1730277242.60313,0.5492,0.5489,0.54905,0.00029999999999996696
1730277243.6067,0.5492,0.5489,0.54905,0.00029999999999996696
1730277244.610083,0.5492,0.5489,0.54905,0.00029999999999996696
1730277245.6135948,0.5492,0.5489,0.54905,0.00029999999999996696
1730277246.616867,0.5492,0.5489,0.54905,0.00029999999999996696
1730277247.620215,0.5492,0.5489,0.54905,0.00029999999999996696
1730277248.622587,0.5492,0.5489,0.54905,0.00029999999999996696
1730277249.625833,0.5492,0.5489,0.54905,0.00029999999999996696
1730277250.629744,0.5492,0.5489,0.54905,0.00029999999999996696
1730277251.633483,0.5493,0.549,0.54915,0.00029999999999996696
1730277252.636875,0.5493,0.549,0.54915,0.00029999999999996696
1730277253.6403651,0.5493,0.549,0.54915,0.00029999999999996696
1730277254.6433952,0.5493,0.549,0.54915,0.00029999999999996696
1730277255.646366,0.5493,0.549,0.54915,0.00029999999999996696
1730277256.6499572,0.5493,0.549,0.54915,0.00029999999999996696
1730277257.65341,0.5493,0.549,0.54915,0.00029999999999996696
1730277258.657045,0.5493,0.549,0.54915,0.00029999999999996696
1730277259.660629,0.5493,0.549,0.54915,0.00029999999999996696
1730277260.664429,0.5493,0.549,0.54915,0.00029999999999996696
1730277261.6680808,0.5493,0.549,0.54915,0.00029999999999996696
1730277262.671364,0.5493,0.549,0.54915,0.00029999999999996696
1730277263.6744561,0.5493,0.549,0.54915,0.00029999999999996696
1730277264.67787,0.5493,0.549,0.54915,0.00029999999999996696
1730277265.6817842,0.5493,0.549,0.54915,0.00029999999999996696
1730277266.685066,0.5493,0.549,0.54915,0.00029999999999996696
1730277267.688662,0.5493,0.549,0.54915,0.00029999999999996696
1730277268.6918101,0.5492,0.5489,0.54905,0.00029999999999996696
1730277269.695223,0.5492,0.5489,0.54905,0.00029999999999996696
1730277270.697956,0.5492,0.5489,0.54905,0.00029999999999996696
1730277271.70142,0.5492,0.5489,0.54905,0.00029999999999996696
1730277272.7052732,0.5492,0.5489,0.54905,0.00029999999999996696
1730277273.7082,0.5492,0.5489,0.54905,0.00029999999999996696
1730277274.711802,0.5492,0.5489,0.54905,0.00029999999999996696
1730277275.715473,0.5492,0.5489,0.54905,0.00029999999999996696
1730277276.7183151,0.5493,0.549,0.54915,0.00029999999999996696
1730277277.721814,0.5493,0.549,0.54915,0.00029999999999996696
1730277278.723756,0.5492,0.5489,0.54905,0.00029999999999996696
1730277279.7273548,0.5492,0.5489,0.54905,0.00029999999999996696
1730277280.731034,0.5492,0.5489,0.54905,0.00029999999999996696
1730277281.7344918,0.5492,0.5489,0.54905,0.00029999999999996696
1730277282.738019,0.5492,0.5489,0.54905,0.00029999999999996696
1730277283.741514,0.5492,0.5489,0.54905,0.00029999999999996696
1730277284.745007,0.5492,0.5489,0.54905,0.00029999999999996696
1730277285.748489,0.5492,0.5489,0.54905,0.00029999999999996696
1730277286.751818,0.5492,0.5489,0.54905,0.00029999999999996696
1730277287.755471,0.5492,0.5489,0.54905,0.00029999999999996696
1730277288.75822,0.5492,0.5489,0.54905,0.00029999999999996696
1730277289.76184,0.5492,0.5489,0.54905,0.00029999999999996696
1730277290.765437,0.5492,0.5489,0.54905,0.00029999999999996696
1730277291.7688398,0.5492,0.5489,0.54905,0.00029999999999996696
1730277292.77205,0.5492,0.5489,0.54905,0.00029999999999996696
1730277293.775465,0.5492,0.5489,0.54905,0.00029999999999996696
1730277294.779038,0.5492,0.5489,0.54905,0.00029999999999996696
1730277295.78234,0.5492,0.5489,0.54905,0.00029999999999996696
1730277296.785742,0.5492,0.5489,0.54905,0.00029999999999996696
1730277297.7888498,0.5492,0.5489,0.54905,0.00029999999999996696
1730277298.7916842,0.5492,0.5489,0.54905,0.00029999999999996696
1730277299.795064,0.5491,0.5488,0.54895,0.000300000000000078
1730277300.798388,0.5491,0.5488,0.54895,0.000300000000000078
1730277301.8019898,0.5492,0.549,0.5491,0.00019999999999997797
1730277302.805357,0.5492,0.549,0.5491,0.00019999999999997797
1730277303.80883,0.5492,0.549,0.5491,0.00019999999999997797
1730277304.8123252,0.5492,0.5489,0.54905,0.00029999999999996696
1730277305.815674,0.5492,0.5489,0.54905,0.00029999999999996696
1730277306.818966,0.5492,0.5489,0.54905,0.00029999999999996696
1730277307.8221738,0.5492,0.5489,0.54905,0.00029999999999996696
1730277308.824299,0.5492,0.5489,0.54905,0.00029999999999996696
1730277309.827104,0.5492,0.5489,0.54905,0.00029999999999996696
1730277310.830674,0.5492,0.5489,0.54905,0.00029999999999996696
1730277311.8343658,0.5492,0.5489,0.54905,0.00029999999999996696
1730277312.837733,0.5492,0.5489,0.54905,0.00029999999999996696
1730277313.841179,0.5489,0.5487,0.5488,0.000200000000000089
1730277314.844634,0.5489,0.5487,0.5488,0.000200000000000089
1730277315.848125,0.5489,0.5487,0.5488,0.000200000000000089
1730277316.851667,0.5489,0.5487,0.5488,0.000200000000000089
1730277317.855059,0.5489,0.5487,0.5488,0.000200000000000089
1730277318.857041,0.5489,0.5486,0.5487500000000001,0.000300000000000078
1730277319.860566,0.5489,0.5486,0.5487500000000001,0.000300000000000078
1730277320.864118,0.5489,0.5486,0.5487500000000001,0.000300000000000078
1730277321.867562,0.5489,0.5486,0.5487500000000001,0.000300000000000078
1730277322.870615,0.5489,0.5486,0.5487500000000001,0.000300000000000078
1730277323.874144,0.5489,0.5486,0.5487500000000001,0.000300000000000078
1730277324.87771,0.5489,0.5486,0.5487500000000001,0.000300000000000078
1730277325.881286,0.5489,0.5486,0.5487500000000001,0.000300000000000078
1730277326.884632,0.5489,0.5486,0.5487500000000001,0.000300000000000078
1730277327.889708,0.5489,0.5486,0.5487500000000001,0.000300000000000078
1730277328.8926542,0.5489,0.5487,0.5488,0.000200000000000089
1730277329.8960278,0.5489,0.5487,0.5488,0.000200000000000089
1730277330.89947,0.5489,0.5487,0.5488,0.000200000000000089
1730277331.9030359,0.5489,0.5487,0.5488,0.000200000000000089
1730277332.906328,0.549,0.5487,0.5488500000000001,0.000300000000000078
1730277333.9097269,0.549,0.5487,0.5488500000000001,0.000300000000000078
1730277334.913032,0.549,0.5487,0.5488500000000001,0.000300000000000078
1730277335.916474,0.5491,0.5488,0.54895,0.000300000000000078
1730277336.919913,0.5491,0.5488,0.54895,0.000300000000000078
1730277337.9244318,0.5491,0.5488,0.54895,0.000300000000000078
1730277338.927331,0.5491,0.5488,0.54895,0.000300000000000078
1730277339.930766,0.5492,0.549,0.5491,0.00019999999999997797
1730277340.934162,0.5492,0.549,0.5491,0.00019999999999997797
1730277341.9377081,0.5492,0.549,0.5491,0.00019999999999997797
1730277342.941366,0.5492,0.549,0.5491,0.00019999999999997797
1730277343.944834,0.5492,0.549,0.5491,0.00019999999999997797
1730277344.947731,0.5492,0.5489,0.54905,0.00029999999999996696
1730277345.951113,0.5492,0.5489,0.54905,0.00029999999999996696
1730277346.9545548,0.5492,0.5489,0.54905,0.00029999999999996696
1730277347.958106,0.5492,0.5489,0.54905,0.00029999999999996696
1730277348.96164,0.5492,0.5489,0.54905,0.00029999999999996696
1730277349.9645288,0.5492,0.549,0.5491,0.00019999999999997797
1730277350.967229,0.5492,0.549,0.5491,0.00019999999999997797
1730277351.970963,0.5492,0.549,0.5491,0.00019999999999997797
1730277352.97447,0.5493,0.5491,0.5492,0.00019999999999997797
1730277353.977398,0.5493,0.5491,0.5492,0.00019999999999997797
1730277354.979557,0.5495,0.5493,0.5494,0.00019999999999997797
1730277355.9829278,0.5495,0.5493,0.5494,0.00019999999999997797
1730277356.986437,0.5495,0.5493,0.5494,0.00019999999999997797
1730277357.98944,0.5496,0.5493,0.54945,0.00029999999999996696
1730277359.011738,0.5496,0.5493,0.54945,0.00029999999999996696
1730277360.1005719,0.5495,0.5492,0.54935,0.00029999999999996696
1730277361.211638,0.5495,0.5492,0.54935,0.00029999999999996696
1730277362.3310888,0.5496,0.5493,0.54945,0.00029999999999996696
1730277363.4252758,0.5496,0.5493,0.54945,0.00029999999999996696
1730277364.426858,0.5496,0.5493,0.54945,0.00029999999999996696
1730277365.429769,0.5495,0.5492,0.54935,0.00029999999999996696
1730277366.432875,0.5495,0.5492,0.54935,0.00029999999999996696
1730277367.435468,0.5495,0.5492,0.54935,0.00029999999999996696
1730277368.478465,0.5495,0.5492,0.54935,0.00029999999999996696
1730277369.479939,0.5495,0.5492,0.54935,0.00029999999999996696
1730277370.48159,0.5495,0.5492,0.54935,0.00029999999999996696
1730277371.4848819,0.5495,0.5492,0.54935,0.00029999999999996696
1730277372.488662,0.5496,0.5493,0.54945,0.00029999999999996696
1730277373.572356,0.5496,0.5493,0.54945,0.00029999999999996696
1730277374.602278,0.5496,0.5493,0.54945,0.00029999999999996696
1730277375.721081,0.5496,0.5493,0.54945,0.00029999999999996696
1730277376.771303,0.5496,0.5493,0.54945,0.00029999999999996696
1730277377.827451,0.5496,0.5493,0.54945,0.00029999999999996696
1730277378.829204,0.5496,0.5493,0.54945,0.00029999999999996696
1730277379.832324,0.5496,0.5493,0.54945,0.00029999999999996696
1730277380.906003,0.5496,0.5493,0.54945,0.00029999999999996696
1730277381.931755,0.5496,0.5493,0.54945,0.00029999999999996696
1730277382.976338,0.5496,0.5493,0.54945,0.00029999999999996696
1730277383.996584,0.5496,0.5493,0.54945,0.00029999999999996696
1730277384.9983182,0.5499,0.5496,0.54975,0.000300000000000078
1730277386.001764,0.5499,0.5496,0.54975,0.000300000000000078
1730277387.005158,0.5499,0.5496,0.54975,0.000300000000000078
1730277388.0086179,0.5499,0.5496,0.54975,0.000300000000000078
1730277389.0117528,0.5499,0.5496,0.54975,0.000300000000000078
1730277390.01534,0.5499,0.5496,0.54975,0.000300000000000078
1730277391.018837,0.5499,0.5496,0.54975,0.000300000000000078
1730277392.0223901,0.5499,0.5496,0.54975,0.000300000000000078
1730277393.026009,0.5499,0.5496,0.54975,0.000300000000000078
1730277394.029452,0.5499,0.5496,0.54975,0.000300000000000078
1730277395.032494,0.5499,0.5496,0.54975,0.000300000000000078
1730277396.035189,0.5499,0.5496,0.54975,0.000300000000000078
1730277397.0385761,0.5499,0.5496,0.54975,0.000300000000000078
1730277398.0421069,0.5499,0.5496,0.54975,0.000300000000000078
1730277399.045748,0.5499,0.5496,0.54975,0.000300000000000078
1730277400.049122,0.5499,0.5496,0.54975,0.000300000000000078
1730277401.052616,0.5499,0.5496,0.54975,0.000300000000000078
1730277402.0560598,0.5499,0.5496,0.54975,0.000300000000000078
1730277403.059527,0.5499,0.5496,0.54975,0.000300000000000078
1730277404.062825,0.5498,0.5495,0.54965,0.00029999999999996696
1730277405.066269,0.5498,0.5495,0.54965,0.00029999999999996696
1730277406.069469,0.5498,0.5495,0.54965,0.00029999999999996696
1730277407.073586,0.5498,0.5495,0.54965,0.00029999999999996696
1730277408.076948,0.5498,0.5495,0.54965,0.00029999999999996696
1730277409.080286,0.5496,0.5494,0.5495,0.00019999999999997797
1730277410.08373,0.5496,0.5494,0.5495,0.00019999999999997797
1730277411.087501,0.5496,0.5494,0.5495,0.00019999999999997797
1730277412.090726,0.5496,0.5494,0.5495,0.00019999999999997797
1730277413.0942552,0.5496,0.5494,0.5495,0.00019999999999997797
1730277414.097121,0.5495,0.5492,0.54935,0.00029999999999996696
1730277415.0995042,0.5495,0.5492,0.54935,0.00029999999999996696
1730277416.102816,0.5495,0.5492,0.54935,0.00029999999999996696
1730277417.106385,0.5495,0.5492,0.54935,0.00029999999999996696
1730277418.109754,0.5495,0.5492,0.54935,0.00029999999999996696
1730277419.1132631,0.5496,0.5493,0.54945,0.00029999999999996696
1730277420.1167731,0.5496,0.5493,0.54945,0.00029999999999996696
1730277421.184145,0.5496,0.5493,0.54945,0.00029999999999996696
1730277422.187052,0.5496,0.5493,0.54945,0.00029999999999996696
1730277423.188852,0.5496,0.5493,0.54945,0.00029999999999996696
1730277424.228576,0.5495,0.5492,0.54935,0.00029999999999996696
1730277425.2439628,0.5495,0.5492,0.54935,0.00029999999999996696
1730277426.3274,0.5495,0.5492,0.54935,0.00029999999999996696
1730277427.329,0.5495,0.5492,0.54935,0.00029999999999996696
1730277428.332017,0.5495,0.5492,0.54935,0.00029999999999996696
1730277429.335923,0.5495,0.5492,0.54935,0.00029999999999996696
1730277430.339565,0.5495,0.5492,0.54935,0.00029999999999996696
1730277431.342939,0.5495,0.5493,0.5494,0.00019999999999997797
1730277432.346176,0.5495,0.5493,0.5494,0.00019999999999997797
1730277433.3495958,0.5495,0.5493,0.5494,0.00019999999999997797
1730277434.352819,0.5495,0.5493,0.5494,0.00019999999999997797
1730277435.356305,0.5496,0.5493,0.54945,0.00029999999999996696
1730277436.359843,0.5496,0.5493,0.54945,0.00029999999999996696
1730277437.363242,0.5496,0.5493,0.54945,0.00029999999999996696
1730277438.366457,0.5496,0.5493,0.54945,0.00029999999999996696
1730277439.368706,0.5496,0.5493,0.54945,0.00029999999999996696
1730277440.371836,0.5494,0.5491,0.54925,0.00029999999999996696
1730277441.37505,0.5494,0.5491,0.54925,0.00029999999999996696
1730277442.3784902,0.5494,0.5491,0.54925,0.00029999999999996696
1730277443.381312,0.5494,0.5491,0.54925,0.00029999999999996696
1730277444.384919,0.5494,0.5491,0.54925,0.00029999999999996696
1730277445.387876,0.5494,0.5491,0.54925,0.00029999999999996696
1730277446.391118,0.5494,0.5491,0.54925,0.00029999999999996696
1730277447.394849,0.5494,0.5491,0.54925,0.00029999999999996696
1730277448.3982358,0.5495,0.5493,0.5494,0.00019999999999997797
1730277449.4004438,0.5495,0.5493,0.5494,0.00019999999999997797
1730277450.4041972,0.5495,0.5492,0.54935,0.00029999999999996696
1730277451.407412,0.5495,0.5492,0.54935,0.00029999999999996696
1730277452.410733,0.5495,0.5492,0.54935,0.00029999999999996696
1730277453.414134,0.5495,0.5492,0.54935,0.00029999999999996696
1730277454.417516,0.5495,0.5492,0.54935,0.00029999999999996696
1730277455.420647,0.5495,0.5492,0.54935,0.00029999999999996696
1730277456.4238222,0.5495,0.5492,0.54935,0.00029999999999996696
1730277457.42741,0.5495,0.5492,0.54935,0.00029999999999996696
1730277458.432105,0.5495,0.5492,0.54935,0.00029999999999996696
1730277459.435064,0.5495,0.5492,0.54935,0.00029999999999996696
1730277460.438323,0.5494,0.5491,0.54925,0.00029999999999996696
1730277461.441408,0.5494,0.5491,0.54925,0.00029999999999996696
1730277462.444802,0.5494,0.5491,0.54925,0.00029999999999996696
1730277463.448332,0.5494,0.5491,0.54925,0.00029999999999996696
1730277464.4517639,0.5494,0.5491,0.54925,0.00029999999999996696
1730277465.4059289,0.5494,0.5491,0.54925,0.00029999999999996696
1730277466.409405,0.5494,0.5491,0.54925,0.00029999999999996696
1730277467.412856,0.5494,0.5491,0.54925,0.00029999999999996696
1730277468.4199722,0.5494,0.5491,0.54925,0.00029999999999996696
1730277469.425753,0.5494,0.5491,0.54925,0.00029999999999996696
1730277470.429417,0.5495,0.5493,0.5494,0.00019999999999997797
1730277471.433092,0.5495,0.5493,0.5494,0.00019999999999997797
1730277472.4366841,0.5495,0.5491,0.5493,0.00039999999999995595
1730277473.439919,0.5495,0.5491,0.5493,0.00039999999999995595
1730277474.443286,0.5495,0.5491,0.5493,0.00039999999999995595
1730277475.446818,0.5495,0.5491,0.5493,0.00039999999999995595
1730277476.4503481,0.5495,0.5491,0.5493,0.00039999999999995595
1730277477.453814,0.5495,0.5492,0.54935,0.00029999999999996696
1730277478.456952,0.5495,0.5492,0.54935,0.00029999999999996696
1730277479.4613051,0.5495,0.5491,0.5493,0.00039999999999995595
1730277480.46456,0.5495,0.5491,0.5493,0.00039999999999995595
1730277481.46811,0.5495,0.5491,0.5493,0.00039999999999995595
1730277482.471223,0.5495,0.5492,0.54935,0.00029999999999996696
1730277483.4745631,0.5495,0.5492,0.54935,0.00029999999999996696
1730277484.4779708,0.5495,0.5492,0.54935,0.00029999999999996696
1730277485.481538,0.5495,0.5492,0.54935,0.00029999999999996696
1730277486.4849331,0.5495,0.5492,0.54935,0.00029999999999996696
1730277487.488223,0.5495,0.5492,0.54935,0.00029999999999996696
1730277488.491658,0.5495,0.5492,0.54935,0.00029999999999996696
1730277489.4953978,0.5495,0.5492,0.54935,0.00029999999999996696
1730277490.4990568,0.5495,0.5492,0.54935,0.00029999999999996696
1730277491.502688,0.5495,0.5492,0.54935,0.00029999999999996696
1730277492.506167,0.5495,0.5492,0.54935,0.00029999999999996696
1730277493.5095732,0.5495,0.5492,0.54935,0.00029999999999996696
1730277494.512832,0.5496,0.5493,0.54945,0.00029999999999996696
1730277495.515573,0.5496,0.5493,0.54945,0.00029999999999996696
1730277496.518904,0.5496,0.5493,0.54945,0.00029999999999996696
1730277497.522138,0.5496,0.5493,0.54945,0.00029999999999996696
1730277498.525641,0.5496,0.5493,0.54945,0.00029999999999996696
1730277499.529313,0.5494,0.5492,0.5493,0.00019999999999997797
1730277500.533002,0.5494,0.5492,0.5493,0.00019999999999997797
1730277501.538322,0.5494,0.5492,0.5493,0.00019999999999997797
1730277502.5422668,0.5494,0.5492,0.5493,0.00019999999999997797
1730277503.545863,0.5494,0.5492,0.5493,0.00019999999999997797
1730277504.54973,0.5492,0.549,0.5491,0.00019999999999997797
1730277505.553154,0.5492,0.549,0.5491,0.00019999999999997797
1730277506.556233,0.5492,0.549,0.5491,0.00019999999999997797
1730277507.5597482,0.5492,0.549,0.5491,0.00019999999999997797
1730277508.563537,0.5492,0.549,0.5491,0.00019999999999997797
